{
    "loss": 0.1949322670698166,
    "accuracy": 0.9482758641242981
}