{
    "loss": 0.12963321805000305,
    "accuracy": 0.9655172228813171
}