{
    "loss": 1.1376460790634155,
    "accuracy": 0.8448275923728943
}